Player_ID;Player;Actions;Progress
855146088;Zap1outlook;1803700;5080
855152033;Tianshui;1695300;4820
855008078;Mentor the great;1630900;4630
855152548;Sweet Water;1576900;4450
851858074;Luke OSG;1488100;4220
852834600;St. Christopher;1306200;3690
854838306;DinoDippy;1257600;3570
850197112;RaunchyMoose;1224000;3490
850197111;GoosestJoose;1176100;3350
850849537;Shamuss;964200;2700
7582580;*Neo;935900;2660
855524258;Selina Wong SAC;933100;2650
855524202;Vanko Tsang SAC;878900;2500
855524218;Jessica Cheung SAC;858800;2440
855523819;Liamg8597Paz SAC;763500;2170
855524240;Aya Mizuki SAC;676500;1920
854430261;bubu16;618600;1760
855234254;zaxxxs;514300;1450
852903511;Macgorm;496500;1410
854739809;Valamir the Bold 914;418400;1160
855282980;JLJ world;353800;950
853049412;weppy7;327300;930
855246824;Xu Feng Nian;277700;790
854279260;Pencilligon;254000;720
853358374;Calinka;197200;560
855225318;Manuel the Great 947;175500;500
850067342;Behelit;174400;490
855338164;bEEFIE;152000;430
854944676;Jabbi;98400;280
855260780;Valeriush;70400;200
855329600;Octavia the Great 1708;53000;150
854267540;Orivogir;46200;130
851796045;wooman;46100;100
851958031;KKnight111;35400;100
854361993;JustScorpio;35400;100
854209291;Chief Jens;17800;50
3593524;Srki96;17600;50
855282931;MarQuis1001;14600;20
855191851;Brookestar;18500;0
852863514;Seleukus the Bloody;3600;0
68659;stojko;0;0
1963245;johnnylaw7;0;0
9691541;Napthalate;0;0
9845929;slynder;0;0
11908992;FallonAngel;0;0
852834802;Maestro Fidi;0;0
853130848;Pillowcase;0;0
853133923;StylishStan333;0;0
853134029;DabQueen420;0;0
853134072;LUMPYlivingLIFE;0;0
853871840;Dark Veritas;0;0
854609091;EatMyLeadSucka;0;0
854658572;Duke867;0;0
854696483;rocky4u87;0;0
854733905;Electronicsnowman;0;0
855001502;inward eye;0;0
855121451;Damocles the Hard 1109;0;0
855210719;Euridyke the Hawk 2392;0;0
855346482;Xenophon the Great 1368;0;0
855385937;jimbomason;0;0
