gexWeek;player ID;player;expeditionPoints;solvedEncounters;rank;trial
27/Apr/2026;853423291;-Bagheera-;217960;48;1;14
27/Apr/2026;855870048;Envinyatar;61991;20;2;7
27/Apr/2026;855651826;chathuradias;56198;18;3;12
27/Apr/2026;855977133;tan vedra;42863;19;4;1
27/Apr/2026;855305368;Dunadan;41378;18;5;2
27/Apr/2026;854734250;S*R*;31017;8;6;45
27/Apr/2026;854790452;Bob Fossil;23337;23;7;4
27/Apr/2026;855986024;aaaay;22067;11;8;6
27/Apr/2026;8672977;Vashta Nerada;10528;16;9;2
27/Apr/2026;850197111;GoosestJoose;10279;8;10;11
27/Apr/2026;851796045;wooman;9849;18;11;6
27/Apr/2026;853358374;Calinka;6612;8;12;41
27/Apr/2026;856284450;Kane the Fat;6327;11;13;4
27/Apr/2026;855922526;zaffira;5143;33;14;1
27/Apr/2026;850197112;RaunchyMoose;4667;8;15;35
27/Apr/2026;6040505;Rogue Maverick 021;1764;11;16;13
27/Apr/2026;852435894;clifford-the-wise;1164;14;17;9
27/Apr/2026;856385403;Redbobo;406;4;18;1
27/Apr/2026;856334600;Renegade B;269;4;19;1
27/Apr/2026;850849537;Shamuss;0;0;20;0
27/Apr/2026;856197923;wynbal;0;0;21;0
27/Apr/2026;856264239;UndeadAgentHD;0;0;22;0
27/Apr/2026;855526907;npl123;0;0;23;0
27/Apr/2026;854878180;Crazy and Lazy;0;0;24;0
27/Apr/2026;853925576;Runestinger;0;0;25;0
27/Apr/2026;855896971;nightwing 876;0;0;26;0
27/Apr/2026;855747649;Captain Sling;0;0;27;0
27/Apr/2026;1963245;johnnylaw7;0;0;28;0
27/Apr/2026;856089359;Theodosius the Dire 3603;0;0;29;0
27/Apr/2026;855234254;zaxxxs;0;0;30;0
27/Apr/2026;855523819;Liamg8597Paz SAC;0;0;31;0
27/Apr/2026;855524258;Selina Wong SAC;0;0;32;0
27/Apr/2026;851954261;Jaded Ember;0;0;33;0
27/Apr/2026;851858074;Luke OSG;0;0;34;0
27/Apr/2026;855210719;Euridyke the Hawk 2392;0;0;35;0
27/Apr/2026;856105605;LightXCVI000;0;0;36;0
27/Apr/2026;855152548;Sweet Water;0;0;37;0
27/Apr/2026;854904925;Flavia the great;0;0;38;0
27/Apr/2026;8918260;adamray68;0;0;39;0
27/Apr/2026;854837898;Player;0;0;40;0
27/Apr/2026;853090637;Leslie. Ro;0;0;41;0
27/Apr/2026;1713714;Pax-Romana;0;0;42;0
27/Apr/2026;11908992;FallonAngel;0;0;43;0
27/Apr/2026;853049412;weppy7;0;0;44;0
27/Apr/2026;856362389;Eirene the Valiant 1305;0;0;45;0
27/Apr/2026;855524240;Aya Mizuki SAC;0;0;46;0
27/Apr/2026;855146088;Zap1outlook;0;0;47;0
27/Apr/2026;852834600;St. Christopher;0;0;48;0
27/Apr/2026;854340862;BraveEric;0;0;49;0
27/Apr/2026;856300742;Arion1325;0;0;50;0
27/Apr/2026;856367589;StriderCrownborn;0;0;51;0
27/Apr/2026;854708338;0Delta;0;0;52;0
27/Apr/2026;10666443;far away empire;0;0;53;0
27/Apr/2026;4537312;blinkman;0;0;54;0
27/Apr/2026;850539937;ArthurSchopenhauer;0;0;55;0
27/Apr/2026;855902416;Jaffbot;0;0;56;0
27/Apr/2026;3781629;magray;0;0;57;0
27/Apr/2026;856082950;Sam Harris;0;0;58;0
27/Apr/2026;856199382;Reynor;0;0;59;0
27/Apr/2026;856282968;ikang08;0;0;60;1
27/Apr/2026;3593524;Srga96;0;0;61;0
27/Apr/2026;856136951;Barbarossa the Hawk 3879;0;0;62;0
27/Apr/2026;856270601;Annya;0;0;63;0
27/Apr/2026;855819012;Hroft;0;0;64;0
27/Apr/2026;9845929;slynder;0;0;65;0
27/Apr/2026;855873164;solothemith;0;0;66;0
27/Apr/2026;852863514;Seleukus the Bloody;0;0;67;0
27/Apr/2026;8525048;ivoSF;0;0;68;0
27/Apr/2026;855524202;Vanko Tsang SAC;0;0;69;0
27/Apr/2026;853130848;Pillowcase;0;0;70;0
27/Apr/2026;855524218;Jessica Cheung SAC;0;0;71;0
27/Apr/2026;854450014;BoggyMans Queen;0;0;72;0
