Player_ID;Player;Negotiations;Fights;Total;Attrition
854734250;S*R*;0;2730;2730;10
8672977;Vashta Nerada;0;1996;1996;31
856065740;NgheAn the Cago;0;1132;1132;0
856412055;SirGims;0;782;782;20
850849537;Shamuss;0;749;749;0
850197112;RaunchyMoose;0;622;622;0
855986024;aaaay;0;609;609;6
856447344;Corvinus;0;377;377;9
850197111;GoosestJoose;0;341;341;3
852834600;St. Christopher;0;291;291;0
9845929;slynder;0;202;202;0
855186516;RocaBlanca;0;164;164;0
854837898;Player;0;159;159;0
855977133;tan vedra;0;152;152;0
853049412;weppy7;0;100;100;20
851796045;wooman;0;98;98;0
853358374;Calinka;0;90;90;0
856089359;Theodosius the Dire 3603;0;90;90;0
855854372;sillymeow;0;83;83;0
854795403;akisz;0;70;70;0
854122709;Blitzgott1309;0;67;67;0
856415851;Cyril the Hunter 879;0;28;28;2
855870048;Envinyatar;0;23;23;0
6040505;Rogue Maverick 021;0;20;20;0
856251670;Gehrman Sparrow;0;7;7;0
853449284;Scovei;0;2;2;0
856466483;babushka1312;0;1;1;0
8918260;adamray68;0;0;0;0
850539937;ArthurSchopenhauer;0;0;0;0
855524240;Aya Mizuki SAC;0;0;0;0
854790452;Bob Fossil;0;0;0;0
855651826;chathuradias;0;0;0;0
856334115;Claudia the Bold 1750;0;0;0;0
855305368;Dunadan;0;0;0;0
855210719;Euridyke the Hawk 2392;0;0;0;0
11908992;FallonAngel;0;0;0;0
856436350;Frederick the Black 2179;0;0;0;0
855501819;Freydis Eiriksdottir;0;0;0;0
856472943;GhostSlayer;0;0;0;0
8525048;ivoSF;0;0;0;0
855524218;Jessica Cheung SAC;0;0;0;0
856453998;Jim Carrey;0;0;0;0
1963245;johnnylaw7;0;0;0;0
856284450;Kane the Fat;0;0;0;0
855747649;Kencz;0;0;0;0
851951483;LadyHawk;0;0;0;0
855523819;Liamg8597Paz SAC;0;0;0;0
856105605;LightXCVI000;0;0;0;0
851858074;Luke OSG;0;0;0;0
3781629;magray;0;0;0;0
855896971;nightwing 876;0;0;0;0
855526907;npl123;0;0;0;0
1713714;Pax-Romana;0;0;0;0
853130848;Pillowcase;0;0;0;0
856385403;Redbobo;0;0;0;0
856334600;Renegade B;0;0;0;0
856082950;Sam Harris;0;0;0;0
852863514;Seleukus the Bloody;0;0;0;0
855524258;Selina Wong SAC;0;0;0;0
855873164;solothemith;0;0;0;0
855152548;Sweet Water;0;0;0;0
853285859;SzanY;0;0;0;0
855299275;Thesseuss;0;0;0;0
855524202;Vanko Tsang SAC;0;0;0;0
855146088;Zap1outlook;0;0;0;0
855234254;zaxxxs;0;0;0;0