player_id;player;negotiations;battles;total
3641606;IDmaster;17;10;44
850197111;GoosestJoose;20;0;40
851719038;Vaduk;5;20;30
852816646;Bigglets;5;10;20
851732426;AnotherGoose;9;0;18
850197112;RaunchyMoose;8;0;16
850725226;RoyalPiggy;5;1;11
852857440;SamC139361;5;0;10
852973884;Satine;1;6;8
853184082;InfamousJJJ;2;0;4
853112253;CASEYTHEWILDONE;0;0;0
755228;Nickhewitt;0;0;0
853015207;NumptyIsMeDave;0;0;0
853086396;Perdita the pessimist;0;0;0
12096679;Queen Annikka;0;0;0
853150698;Roger the Shrubber;0;0;0
848961645;TheStatueMaker;0;0;0
